source_id,source_type,url,captured_at
steam-store-against-the-storm-b034,official_store,https://store.steampowered.com/app/1336490/,2026-08-14T23:54:38Z
steam-store-amnesia-the-dark-descent-b070,official_store,https://store.steampowered.com/app/57300/,2026-08-15T23:05:44Z
steam-store-art-of-rally-b023,official_store,https://store.steampowered.com/app/550320/,2026-08-14T11:30:08Z
steam-store-balatro-b014,official_store,https://store.steampowered.com/app/2379780/,2026-08-14T03:23:38Z
steam-store-baldurs-gate-3-b010,official_store,https://store.steampowered.com/app/1086940/,2026-08-14T03:13:07Z
steam-store-battle-brothers-b015,official_store,https://store.steampowered.com/app/365360/,2026-08-14T07:58:14Z
steam-store-beat-saber-b027,official_store,https://store.steampowered.com/app/620980/,2026-08-14T16:50:12Z
steam-store-besiege-b073,official_store,https://store.steampowered.com/app/346010/,2026-08-15T23:10:34Z
steam-store-blasphemous-2-b002,official_store,https://store.steampowered.com/app/2114740/,2026-08-13T11:15:15Z
steam-store-blasphemous-b008,official_store,https://store.steampowered.com/app/774361/,2026-08-14T01:48:40Z
steam-store-coral-island-b002,official_store,https://store.steampowered.com/app/1158160/,2026-08-13T11:12:45Z
steam-store-counter-strike-2-b021,official_store,https://store.steampowered.com/app/730/,2026-08-14T11:22:55Z
steam-store-crypt-of-the-necrodancer-b008,official_store,https://store.steampowered.com/app/247080/,2026-08-14T01:48:19Z
steam-store-cyberpunk-2077-b020,official_store,https://store.steampowered.com/app/1091500/,2026-08-14T11:21:43Z
steam-store-dead-cells-b002,official_store,https://store.steampowered.com/app/588650/,2026-08-13T11:12:56Z
steam-store-demonologist-b041,official_store,https://store.steampowered.com/app/1929610/,2026-08-15T06:27:06Z
steam-store-desperados-iii-b047,official_store,https://store.steampowered.com/app/610370/,2026-08-15T07:35:20Z
steam-store-dinkum-b002,official_store,https://store.steampowered.com/app/1062520/,2026-08-13T11:13:55Z
steam-store-dirt-rally-2-0-b026,official_store,https://store.steampowered.com/app/690790/,2026-08-14T16:48:54Z
steam-store-disney-dreamlight-valley-b006,official_store,https://store.steampowered.com/app/1401590/,2026-08-14T01:44:32Z
steam-store-divinity-original-sin-2-b010,official_store,https://store.steampowered.com/app/435150/,2026-08-14T03:13:19Z
steam-store-djmax-respect-v-b027,official_store,https://store.steampowered.com/app/960170/,2026-08-14T16:50:33Z
steam-store-dragons-dogma-2-b072,official_store,https://store.steampowered.com/app/2054970/,2026-08-15T23:09:32Z
steam-store-dyson-sphere-program-b012,official_store,https://store.steampowered.com/app/1366540/,2026-08-14T03:18:34Z
steam-store-enshrouded-b002,official_store,https://store.steampowered.com/app/1203620/,2026-08-13T11:13:33Z
steam-store-ez2on-reboot-r-b039,official_store,https://store.steampowered.com/app/1477590/,2026-08-15T04:23:03Z
steam-store-factorio-b011,official_store,https://store.steampowered.com/app/427520/,2026-08-14T03:17:03Z
steam-store-fields-of-mistria-b002,official_store,https://store.steampowered.com/app/2142790/,2026-08-13T11:12:49Z
steam-store-from-the-depths-b097,official_store,https://store.steampowered.com/app/268650/,2026-08-16T09:04:58Z
steam-store-frostpunk-b011,official_store,https://store.steampowered.com/app/323190/,2026-08-14T03:18:09Z
steam-store-gris-b017,official_store,https://store.steampowered.com/app/683320/,2026-08-14T09:42:17Z
steam-store-grow-song-of-the-evertree-b075,official_store,https://store.steampowered.com/app/1380420/,2026-08-16T00:42:31Z
steam-store-gtfo-b088,official_store,https://store.steampowered.com/app/493520/,2026-08-16T05:55:13Z
steam-store-hi-fi-rush-b019,official_store,https://store.steampowered.com/app/1817230/,2026-08-14T09:46:55Z
steam-store-hollow-knight-b002,official_store,https://store.steampowered.com/app/367520/,2026-08-13T11:15:06Z
steam-store-hollow-knight-silksong-b002,official_store,https://store.steampowered.com/app/1030300/,2026-08-13T11:13:10Z
steam-store-inscryption-b014,official_store,https://store.steampowered.com/app/1092790/,2026-08-14T03:23:53Z
steam-store-inside-b017,official_store,https://store.steampowered.com/app/304430/,2026-08-14T09:42:49Z
steam-store-it-takes-two-b028,official_store,https://store.steampowered.com/app/1426210/,2026-08-14T16:53:07Z
steam-store-kingdom-come-deliverance-2-b072,official_store,https://store.steampowered.com/app/1771300/,2026-08-15T23:09:40Z
steam-store-lethal-company-b013,official_store,https://store.steampowered.com/app/1966720/,2026-08-14T03:21:56Z
steam-store-marvel-rivals-b022,official_store,https://store.steampowered.com/app/2767030/,2026-08-14T11:27:44Z
steam-store-metal-hellsinger-b027,official_store,https://store.steampowered.com/app/1061910/,2026-08-14T16:50:52Z
steam-store-moonscars-b094,official_store,https://store.steampowered.com/app/1374970/,2026-08-16T07:16:54Z
steam-store-my-time-at-portia-b005,official_store,https://store.steampowered.com/app/666140/,2026-08-14T01:42:09Z
steam-store-my-time-at-sandrock-b002,official_store,https://store.steampowered.com/app/1084600/,2026-08-13T11:13:37Z
steam-store-need-for-speed-heat-b038,official_store,https://store.steampowered.com/app/1222680/,2026-08-15T04:17:43Z
steam-store-need-for-speed-unbound-b026,official_store,https://store.steampowered.com/app/1846380/,2026-08-14T16:48:45Z
steam-store-neva-b057,official_store,https://store.steampowered.com/app/2420660/,2026-08-15T11:25:49Z
steam-store-nine-sols-b002,official_store,https://store.steampowered.com/app/1809540/,2026-08-13T11:13:19Z
steam-store-ori-and-the-blind-forest-b008,official_store,https://store.steampowered.com/app/387290/,2026-08-14T01:48:50Z
steam-store-outlast-2-b070,official_store,https://store.steampowered.com/app/414700/,2026-08-15T23:05:36Z
steam-store-outlast-b014,official_store,https://store.steampowered.com/app/238320/,2026-08-14T03:23:05Z
steam-store-overwatch-2-b021,official_store,https://store.steampowered.com/app/2357570/,2026-08-14T11:27:02Z
steam-store-palia-b044,official_store,https://store.steampowered.com/app/2707930/,2026-08-15T06:31:28Z
steam-store-pathfinder-wrath-of-the-righteous-b010,official_store,https://store.steampowered.com/app/1184370/,2026-08-14T03:13:28Z
steam-store-phasmophobia-b014,official_store,https://store.steampowered.com/app/739630/,2026-08-14T03:22:36Z
steam-store-planet-of-lana-b076,official_store,https://store.steampowered.com/app/1608230/,2026-08-16T00:44:42Z
steam-store-rainbow-six-siege-b021,official_store,https://store.steampowered.com/app/359550/,2026-08-14T11:23:41Z
steam-store-return-of-the-obra-dinn-b012,official_store,https://store.steampowered.com/app/653530/,2026-08-14T03:19:18Z
steam-store-rift-of-the-necrodancer-b039,official_store,https://store.steampowered.com/app/2073250/,2026-08-15T04:19:26Z
steam-store-rogue-legacy-2-b002,official_store,https://store.steampowered.com/app/1253920/,2026-08-13T11:14:47Z
steam-store-roots-of-pacha-b002,official_store,https://store.steampowered.com/app/1245560/,2026-08-13T11:13:43Z
steam-store-salt-and-sanctuary-b008,official_store,https://store.steampowered.com/app/283640/,2026-08-14T01:49:09Z
steam-store-satisfactory-b012,official_store,https://store.steampowered.com/app/526870/,2026-08-14T03:18:24Z
steam-store-shadow-tactics-blades-of-the-shogun-b015,official_store,https://store.steampowered.com/app/418240/,2026-08-14T07:57:23Z
steam-store-skul-the-hero-slayer-b007,official_store,https://store.steampowered.com/app/1147560/,2026-08-14T01:46:01Z
steam-store-skyrim-special-edition-b020,official_store,https://store.steampowered.com/app/489830/,2026-08-14T11:21:35Z
steam-store-split-fiction-b028,official_store,https://store.steampowered.com/app/2001120/,2026-08-14T16:53:16Z
steam-store-stardew-valley-b002,official_store,https://store.steampowered.com/app/413150/,2026-08-13T11:12:42Z
steam-store-sun-haven-b002,official_store,https://store.steampowered.com/app/1432860/,2026-08-13T11:13:48Z
steam-store-synth-riders-b063,official_store,https://store.steampowered.com/app/885000/,2026-08-15T12:43:15Z
steam-store-team-fortress-2-b043,official_store,https://store.steampowered.com/app/440/,2026-08-15T06:29:14Z
steam-store-the-case-of-the-golden-idol-b012,official_store,https://store.steampowered.com/app/1677770/,2026-08-14T03:20:00Z
steam-store-the-quarry-b046,official_store,https://store.steampowered.com/app/1577120/,2026-08-15T07:33:40Z
steam-store-the-walking-dead-b032,official_store,https://store.steampowered.com/app/207610/,2026-08-14T23:51:26Z
steam-store-the-walking-dead-the-final-season-b060,official_store,https://store.steampowered.com/app/866800/,2026-08-15T12:36:07Z
steam-store-the-witcher-3-b020,official_store,https://store.steampowered.com/app/292030/,2026-08-14T11:21:18Z
steam-store-until-dawn-b046,official_store,https://store.steampowered.com/app/2172010/,2026-08-15T07:33:27Z
steam-store-valheim-b002,official_store,https://store.steampowered.com/app/892970/,2026-08-13T11:13:30Z
steam-store-wartales-b067,official_store,https://store.steampowered.com/app/1527950/,2026-08-15T15:32:37Z
steam-store-wylde-flowers-b002,official_store,https://store.steampowered.com/app/1896700/,2026-08-13T11:13:59Z
